{"stats":{"minecraft:custom":{"minecraft:crouch_one_cm":126,"minecraft:time_since_rest":10628,"minecraft:play_one_minute":37024,"minecraft:sprint_one_cm":9091,"minecraft:damage_taken":535,"minecraft:walk_one_cm":19132,"minecraft:sneak_time":382,"minecraft:jump":65,"minecraft:damage_dealt":47,"minecraft:walk_on_water_one_cm":367,"minecraft:leave_game":2,"minecraft:time_since_death":10580,"minecraft:deaths":1,"minecraft:interact_with_crafting_table":4,"minecraft:fall_one_cm":3817,"minecraft:fly_one_cm":249390},"minecraft:mined":{"minecraft:grass":2,"minecraft:birch_planks":1,"minecraft:grass_block":2,"minecraft:oak_log":11,"minecraft:rose_bush":1,"minecraft:dirt":3,"minecraft:birch_log":18,"minecraft:stone":2,"minecraft:andesite":1},"minecraft:crafted":{"minecraft:birch_planks":16,"minecraft:crafting_table":1,"minecraft:stick":4,"minecraft:wooden_pickaxe":1,"minecraft:wooden_axe":1},"minecraft:used":{"minecraft:oak_log":10,"minecraft:wooden_axe":4,"minecraft:dirt":5,"minecraft:crafting_table":1,"minecraft:birch_planks":2,"minecraft:andesite":1,"minecraft:birch_log":14,"minecraft:wooden_pickaxe":3},"minecraft:picked_up":{"minecraft:birch_log":18,"minecraft:stick":4,"minecraft:andesite":1,"minecraft:birch_planks":5,"minecraft:rose_bush":1,"minecraft:oak_log":11,"minecraft:oak_sapling":2,"minecraft:birch_sapling":1,"minecraft:dirt":5,"minecraft:cobblestone":2}},"DataVersion":2586}